FormThreeID,ProjectID,FormThreeAID,FormThreeBID,DateID
403,389,403,403, 
8270,1031,8270,8270, 
8284,1332,8284,8284, 
8775,312,8775,8775, 
10921,344,10921,10921, 
15367,1068,15367,15367, 
15518,198,15518,15518, 
16990,788,16990,16990, 
18311,475,18311,18311, 
24513,3352,24513,24513, 
26052,1136,26052,26052, 
45091,4578,45091,45091, 
49495,5386,49495,49495, 
64096,1109,64096,64096, 
68123,5764,68123,68123, 
75597,728,75597,75597,2023-07-06
76165,12003,76165,76165,2023-10-06
77538,17230,77538,77538, 
79625,17644,79625,79625, 
84285,19406,84285,84285, 
84290,19410,84290,84290, 
84457,19577,84457,84457, 
84512,19632,84512,84512, 
84542,19662,84542,84542, 
84548,19668,84548,84548, 
84560,19680,84560,84560, 
87834,6304,87834,87834, 
89914,8318,89914,89914, 
90116,8407,90116,90116, 
90183,8369,90183,90183, 
91269,9036,91269,91269, 
92847,9618,92847,92847, 
93529,9967,93529,93529, 
97081,11124,97081,97081, 
98020,11206,98020,98020, 
101138,12143,101138,101138, 
103405,12729,103405,103405, 
103778,13050,103778,103778, 
105791,13551,105791,105791, 
107720,983,107720,107720, 
107819,5477,107819,107819, 
107842,5857,107842,107842, 
107939,6915,107939,107939, 
108006,7342,108006,108006, 
108303,8675,108303,108303, 
108678,9983,108678,108678, 
109177,12196,109177,109177, 
109987,978,109987,109987, 
110437,2104,110437,110437, 
110544,2396,110544,110544, 
111246,4101,111246,111246, 
111441,4516,111441,111441, 
111764,5068,111764,111764, 
113928,7871,113928,113928, 
116034,13567,116034,116034, 
116392,3961,116392,116392, 
116411,4326,116411,116411, 
118731,4750,118731,118731, 
118807,6997,118807,118807, 
119142,3404,119142,119142, 
119811,8202,119811,119811, 
122180,3925,122180,122180,2023-12-29
123346,13667,123346,123346,2024-01-06
124978,12508,124978,124978,2024-02-06
125271,10156,125271,125271,2024-02-10
125481,8831,125481,125481,2024-02-13
125499,13708,125499,125499,2024-02-14
125507,6832,125507,125507,2024-02-14
125786,9930,125786,125786,2024-02-15
125941,10927,125941,125941,2024-02-16
125980,12868,125980,125980,2024-02-16
127241,17798,127241,127241,2024-02-21
127476,17770,127476,127476,2024-02-21
128286,17207,128286,128286,2024-02-26
129263,18385,129263,129263,2024-03-06
129859,17797,129859,129859,2024-03-07
129955,18765,129955,129955,2024-03-07
129965,18998,129965,129965,2024-03-07
132079,17909,132079,132079,2024-03-30
132414,19148,132414,132414,2024-04-02
132569,19177,132569,132569,2024-04-03
132648,6381,132648,132648,2024-04-03
132753,19084,132753,132753,2024-04-04
132793,5319,132793,132793,2024-04-04
133231,17670,133231,133231,2024-04-07
133791,18991,133791,133791,2024-04-11
134005,18945,134005,134005,2024-04-13
134007,18905,134007,134007,2024-04-13
134026,12168,134026,134026,2024-04-13
134127,18408,134127,134127,2024-04-14
135285,18696,135285,135285,2024-04-19
135621,18919,135621,135621,2024-04-20
135645,18914,135645,135645,2024-04-20
135898,18785,135898,135898,2024-04-20
135923,18965,135923,135923,2024-04-20
135944,18120,135944,135944,2024-04-20
136341,7747,136341,136341,2024-04-22
136371,18005,136371,136371,2024-04-22
137013,3943,137013,137013,2024-04-22
137226,6326,137226,137226,2024-04-22
